timestamp,open,high,low,close,volume,vwap
2025-04-15 04:00:00-04:00,539.27,540.86,539.27,539.69,9662.0,540.2636
2025-04-15 04:01:00-04:00,539.85,540.22,539.6,539.97,4583.0,539.8747
2025-04-15 04:02:00-04:00,540.1,540.24,540.1,540.24,1103.0,540.1564
2025-04-15 04:03:00-04:00,540.2,540.36,540.18,540.18,5924.0,540.2095
2025-04-15 04:04:00-04:00,539.8,539.8,539.39,539.39,758.0,539.5536
2025-04-15 04:05:00-04:00,539.68,539.68,539.58,539.58,734.0,539.6666
2025-04-15 04:06:00-04:00,540.17,540.29,540.17,540.29,601.0,540.2158
2025-04-15 04:07:00-04:00,540.22,540.23,540.06,540.07,922.0,540.1289
2025-04-15 04:08:00-04:00,540.09,540.1,540.0,540.0,5419.0,540.0555
2025-04-15 04:09:00-04:00,540.03,540.1,540.01,540.1,1087.0,540.0555
2025-04-15 04:10:00-04:00,539.88,540.08,539.88,540.08,916.0,540.0231
2025-04-15 04:12:00-04:00,540.33,540.4,540.33,540.4,936.0,540.3948
2025-04-15 04:13:00-04:00,540.34,540.34,540.34,540.34,205.0,540.3354
2025-04-15 04:15:00-04:00,540.27,540.27,540.24,540.24,1155.0,540.2564
2025-04-15 04:16:00-04:00,540.32,540.44,540.32,540.44,373.0,540.3464
2025-04-15 04:18:00-04:00,540.55,540.55,540.55,540.55,700.0,540.5438
2025-04-15 04:20:00-04:00,540.1,540.35,540.1,540.35,523.0,540.2117
2025-04-15 04:21:00-04:00,540.4,540.4,540.4,540.4,1327.0,540.397
2025-04-15 04:22:00-04:00,540.4,540.52,540.4,540.52,2253.0,540.4833
2025-04-15 04:23:00-04:00,540.56,540.59,540.55,540.57,2683.0,540.5735
2025-04-15 04:24:00-04:00,540.26,540.26,540.26,540.26,689.0,540.3422
2025-04-15 04:25:00-04:00,540.08,540.09,539.9,539.9,895.0,540.0345
2025-04-15 04:27:00-04:00,540.23,540.23,540.09,540.09,500.0,540.118
2025-04-15 04:28:00-04:00,540.3,540.3,540.3,540.3,699.0,540.2452
2025-04-15 04:33:00-04:00,539.46,539.46,539.46,539.46,521.0,539.455
2025-04-15 04:34:00-04:00,539.49,539.49,539.49,539.49,630.0,539.4923
2025-04-15 04:37:00-04:00,539.2,539.46,539.2,539.43,993.0,539.3634
2025-04-15 04:38:00-04:00,539.66,539.66,539.66,539.66,170.0,539.6365
2025-04-15 04:40:00-04:00,539.72,539.72,539.72,539.72,220.0,539.7579
2025-04-15 04:42:00-04:00,539.86,539.9,539.68,539.9,2401.0,539.7956
2025-04-15 04:43:00-04:00,539.8,539.8,539.72,539.8,817.0,539.7857
2025-04-15 04:45:00-04:00,539.76,540.0,539.75,539.99,1983.0,539.9049
2025-04-15 04:46:00-04:00,539.8,539.8,539.8,539.8,257.0,539.9022
2025-04-15 04:48:00-04:00,539.8,539.8,539.8,539.8,741.0,539.7928
2025-04-15 04:50:00-04:00,539.68,539.69,539.68,539.68,360.0,539.7108
2025-04-15 04:51:00-04:00,539.72,539.72,539.72,539.72,160.0,539.7589
2025-04-15 04:52:00-04:00,539.95,539.96,539.92,539.96,791.0,539.9402
2025-04-15 04:54:00-04:00,539.64,539.64,539.64,539.64,211.0,539.5921
2025-04-15 04:55:00-04:00,539.72,539.72,539.72,539.72,249.0,539.7221
2025-04-15 04:57:00-04:00,539.89,539.89,539.89,539.89,204.0,539.8842
2025-04-15 04:58:00-04:00,539.95,539.95,539.77,539.78,1318.0,539.8473
2025-04-15 04:59:00-04:00,540.09,540.12,540.08,540.12,11178.0,540.1025
2025-04-15 05:00:00-04:00,539.58,539.6,539.58,539.6,1155.0,539.6596
2025-04-15 05:06:00-04:00,539.84,539.84,539.81,539.84,1095.0,539.839
2025-04-15 05:07:00-04:00,539.78,539.78,539.78,539.78,120.0,539.78
2025-04-15 05:09:00-04:00,539.71,539.71,539.71,539.71,105.0,539.7067
2025-04-15 05:15:00-04:00,539.7,539.7,539.7,539.7,281.0,539.6096
2025-04-15 05:16:00-04:00,539.75,539.78,539.75,539.78,269.0,539.7525
2025-04-15 05:18:00-04:00,539.31,539.31,539.12,539.12,1473.0,539.1851
2025-04-15 05:19:00-04:00,539.22,539.22,539.22,539.22,399.0,539.3571
2025-04-15 05:20:00-04:00,539.47,539.66,539.47,539.66,1383.0,539.6113
2025-04-15 05:23:00-04:00,539.95,540.0,539.95,540.0,672.0,539.964
2025-04-15 05:24:00-04:00,540.12,540.12,540.11,540.12,706.0,540.1172
2025-04-15 05:26:00-04:00,540.33,540.4,540.3,540.3,732.0,540.3523
2025-04-15 05:27:00-04:00,540.45,540.61,540.42,540.42,2942.0,540.5405
2025-04-15 05:28:00-04:00,540.4,540.44,540.4,540.44,1826.0,540.4215
2025-04-15 05:30:00-04:00,540.54,540.58,540.5,540.58,1258.0,540.5175
2025-04-15 05:31:00-04:00,540.65,540.67,540.63,540.63,724.0,540.6432
2025-04-15 05:32:00-04:00,540.58,540.58,540.58,540.58,218.0,540.5423
2025-04-15 05:34:00-04:00,540.47,540.47,540.46,540.46,412.0,540.4814
2025-04-15 05:36:00-04:00,540.28,540.28,540.15,540.15,339.0,540.2312
2025-04-15 05:37:00-04:00,540.08,540.1,539.99,539.99,971.0,540.0225
2025-04-15 05:38:00-04:00,539.89,539.92,539.73,539.73,2611.0,539.831
2025-04-15 05:39:00-04:00,539.71,539.71,539.6,539.6,1170.0,539.6819
2025-04-15 05:40:00-04:00,539.54,539.54,539.52,539.52,725.0,539.5351
2025-04-15 05:41:00-04:00,539.4,539.4,539.29,539.29,1019.0,539.3293
2025-04-15 05:43:00-04:00,539.21,539.23,539.21,539.23,424.0,539.2039
2025-04-15 05:44:00-04:00,539.0,539.04,538.99,538.99,3070.0,539.0248
2025-04-15 05:45:00-04:00,539.09,539.09,539.0,539.0,1176.0,539.0479
2025-04-15 05:47:00-04:00,539.3,539.3,539.21,539.21,428.0,539.2398
2025-04-15 05:48:00-04:00,539.17,539.25,539.17,539.25,1151.0,539.2421
2025-04-15 05:49:00-04:00,539.19,539.19,539.19,539.19,531.0,539.1895
2025-04-15 05:51:00-04:00,539.19,539.21,539.19,539.2,831.0,539.2061
2025-04-15 05:52:00-04:00,539.12,539.12,538.9,538.9,878.0,538.985
2025-04-15 05:53:00-04:00,539.06,539.06,539.01,539.01,586.0,539.0439
2025-04-15 05:54:00-04:00,539.07,539.07,539.07,539.07,229.0,539.0942
2025-04-15 05:57:00-04:00,539.18,539.36,539.16,539.33,2130.0,539.198
2025-04-15 05:58:00-04:00,539.26,539.26,539.26,539.26,312.0,539.2605
2025-04-15 05:59:00-04:00,539.26,539.33,539.2,539.33,1892.0,539.2476
2025-04-15 06:01:00-04:00,539.66,539.73,539.6,539.73,3112.0,539.6503
2025-04-15 06:02:00-04:00,539.74,539.86,539.74,539.74,1146.0,539.7905
2025-04-15 06:03:00-04:00,539.81,539.81,539.69,539.69,961.0,539.7448
2025-04-15 06:04:00-04:00,539.74,539.74,539.74,539.74,181.0,539.7545
2025-04-15 06:05:00-04:00,539.67,539.67,539.67,539.67,503.0,539.674
2025-04-15 06:06:00-04:00,539.63,539.65,539.63,539.65,15002.0,539.6483
2025-04-15 06:07:00-04:00,539.74,539.88,539.74,539.84,1378.0,539.7982
2025-04-15 06:08:00-04:00,539.96,540.01,539.96,540.01,774.0,540.0011
2025-04-15 06:09:00-04:00,539.91,539.99,539.9,539.99,2124.0,539.9334
2025-04-15 06:10:00-04:00,539.98,539.98,539.86,539.86,557.0,539.9243
2025-04-15 06:11:00-04:00,540.05,540.05,540.05,540.05,1236.0,540.0294
2025-04-15 06:12:00-04:00,540.1,540.14,540.0,540.0,963.0,540.0935
2025-04-15 06:14:00-04:00,540.04,540.04,540.04,540.04,275.0,540.0358
2025-04-15 06:15:00-04:00,540.01,540.01,539.83,539.87,1590.0,539.8719
2025-04-15 06:17:00-04:00,539.9,539.9,539.9,539.9,379.0,539.8703
2025-04-15 06:18:00-04:00,539.81,539.81,539.81,539.81,376.0,539.8467
2025-04-15 06:20:00-04:00,540.1,540.15,540.07,540.15,1658.0,540.1116
2025-04-15 06:21:00-04:00,540.3,540.32,540.3,540.32,1860.0,540.304
2025-04-15 06:22:00-04:00,540.18,540.18,540.07,540.07,1733.0,540.1372
2025-04-15 06:23:00-04:00,539.98,539.99,539.98,539.99,970.0,539.9938
2025-04-15 06:24:00-04:00,540.07,540.07,540.07,540.07,668.0,540.1487
2025-04-15 06:28:00-04:00,540.05,540.05,540.05,540.05,161.0,540.0453
2025-04-15 06:29:00-04:00,540.05,540.05,540.05,540.05,709.0,540.0375
2025-04-15 06:31:00-04:00,539.89,540.26,539.89,540.26,1152.0,540.1438
2025-04-15 06:35:00-04:00,540.02,540.05,540.0,540.0,1646.0,540.0237
2025-04-15 06:36:00-04:00,539.94,539.94,539.94,539.94,958.0,539.9043
2025-04-15 06:37:00-04:00,539.93,540.0,539.91,539.97,10351.0,539.9587
2025-04-15 06:38:00-04:00,539.93,539.93,539.91,539.91,1124.0,539.9253
2025-04-15 06:39:00-04:00,539.89,539.9,539.88,539.88,1597.0,539.8843
2025-04-15 06:40:00-04:00,539.85,539.85,539.85,539.85,416.0,539.8592
2025-04-15 06:41:00-04:00,539.91,539.91,539.72,539.74,4560.0,539.8146
2025-04-15 06:42:00-04:00,539.25,539.25,539.25,539.25,734.0,539.2608
2025-04-15 06:43:00-04:00,539.35,539.35,539.35,539.35,664.0,539.3385
2025-04-15 06:44:00-04:00,539.3,539.3,539.21,539.21,1842.0,539.2787
2025-04-15 06:45:00-04:00,539.22,539.39,539.21,539.39,6413.0,539.3252
2025-04-15 06:46:00-04:00,539.32,539.39,539.32,539.39,1537.0,539.3696
2025-04-15 06:47:00-04:00,539.08,539.08,538.75,538.76,2564.0,538.8806
2025-04-15 06:48:00-04:00,538.77,539.12,538.77,539.12,1030.0,538.8953
2025-04-15 06:49:00-04:00,539.22,539.22,539.13,539.14,707.0,539.1468
2025-04-15 06:50:00-04:00,539.09,539.13,538.96,539.06,8603.0,539.0478
2025-04-15 06:51:00-04:00,539.03,539.06,538.97,539.06,1287.0,539.0171
2025-04-15 06:52:00-04:00,539.45,539.45,539.35,539.45,2711.0,539.4174
2025-04-15 06:53:00-04:00,539.41,539.56,539.41,539.47,1200.0,539.4926
2025-04-15 06:54:00-04:00,539.47,539.47,539.36,539.42,2333.0,539.3888
2025-04-15 06:55:00-04:00,539.37,539.42,539.36,539.42,4512.0,539.3781
2025-04-15 06:57:00-04:00,539.45,539.45,539.36,539.37,1681.0,539.3827
2025-04-15 06:58:00-04:00,539.42,539.42,539.36,539.36,816.0,539.4023
2025-04-15 06:59:00-04:00,539.56,539.68,539.56,539.68,1656.0,539.6029
2025-04-15 07:00:00-04:00,539.67,539.87,539.65,539.73,3608.0,539.7421
2025-04-15 07:01:00-04:00,539.63,539.76,539.52,539.58,2716.0,539.6398
2025-04-15 07:02:00-04:00,539.49,539.49,539.42,539.42,1519.0,539.4312
2025-04-15 07:03:00-04:00,539.58,539.58,539.58,539.58,654.0,539.5068
2025-04-15 07:04:00-04:00,539.73,539.8,539.71,539.75,5178.0,539.7281
2025-04-15 07:05:00-04:00,539.74,539.75,539.69,539.75,914.0,539.7324
2025-04-15 07:07:00-04:00,539.45,539.55,539.45,539.48,1210.0,539.4722
2025-04-15 07:08:00-04:00,539.44,539.49,539.44,539.49,469.0,539.4619
2025-04-15 07:09:00-04:00,539.48,539.7,539.48,539.62,4253.0,539.6279
2025-04-15 07:10:00-04:00,539.55,539.58,539.5,539.5,1154.0,539.5328
2025-04-15 07:12:00-04:00,539.52,539.52,539.52,539.52,393.0,539.5078
2025-04-15 07:13:00-04:00,539.13,539.15,539.13,539.15,645.0,539.1671
2025-04-15 07:14:00-04:00,539.23,539.23,539.23,539.23,495.0,539.1659
2025-04-15 07:15:00-04:00,539.18,539.2,539.18,539.2,564.0,539.1955
2025-04-15 07:16:00-04:00,539.3,539.32,539.3,539.32,1326.0,539.3113
2025-04-15 07:17:00-04:00,539.27,539.3,539.27,539.3,1937.0,539.2925
2025-04-15 07:18:00-04:00,539.34,539.34,539.291,539.32,5091.0,539.3193
2025-04-15 07:19:00-04:00,539.3,539.3,539.28,539.28,864.0,539.2626
2025-04-15 07:20:00-04:00,539.23,539.37,539.23,539.37,1072.0,539.3097
2025-04-15 07:21:00-04:00,539.21,539.38,539.21,539.38,1373.0,539.2646
2025-04-15 07:22:00-04:00,539.2,539.22,539.17,539.22,3751.0,539.2042
2025-04-15 07:23:00-04:00,539.25,539.25,539.24,539.24,1836.0,539.2483
2025-04-15 07:24:00-04:00,539.29,539.4,539.29,539.4,2892.0,539.326
2025-04-15 07:25:00-04:00,539.5,539.53,539.5,539.53,2353.0,539.5087
2025-04-15 07:26:00-04:00,539.52,539.52,539.52,539.52,140.0,539.535
2025-04-15 07:27:00-04:00,539.43,539.75,539.36,539.75,3576.0,539.507
2025-04-15 07:28:00-04:00,539.75,539.89,539.75,539.8,8981.0,539.8492
2025-04-15 07:29:00-04:00,539.67,539.67,539.56,539.56,2893.0,539.6502
2025-04-15 07:30:00-04:00,539.51,539.77,539.48,539.77,3791.0,539.6668
2025-04-15 07:31:00-04:00,539.89,539.91,539.89,539.91,1987.0,539.8933
2025-04-15 07:32:00-04:00,539.95,540.0,539.91,539.99,10424.0,539.9598
2025-04-15 07:33:00-04:00,539.76,539.76,539.66,539.66,1285.0,539.7195
2025-04-15 07:34:00-04:00,539.5,539.5,539.49,539.49,570.0,539.4945
2025-04-15 07:35:00-04:00,539.3,539.3,539.05,539.05,4035.0,539.2188
2025-04-15 07:36:00-04:00,539.0,539.12,538.7,539.12,10846.0,538.8971
2025-04-15 07:37:00-04:00,539.02,539.02,539.02,539.02,1134.0,539.0309
2025-04-15 07:38:00-04:00,539.01,539.1,539.0,539.0,1499.0,539.0314
2025-04-15 07:39:00-04:00,538.96,539.08,538.71,538.9,4191.0,538.9647
2025-04-15 07:40:00-04:00,538.96,539.0,538.96,539.0,1703.0,539.031
2025-04-15 07:41:00-04:00,539.16,539.16,539.0,539.0,1321.0,539.0425
2025-04-15 07:42:00-04:00,539.1,539.1,538.67,538.67,1580.0,538.8875
2025-04-15 07:43:00-04:00,538.6,538.72,538.45,538.45,8647.0,538.5711
2025-04-15 07:44:00-04:00,538.47,538.47,538.3,538.35,15319.0,538.3978
2025-04-15 07:45:00-04:00,538.36,538.44,538.07,538.16,7018.0,538.2325
2025-04-15 07:46:00-04:00,538.07,538.11,537.64,537.88,8879.0,537.8576
2025-04-15 07:47:00-04:00,537.9,537.96,537.59,537.59,4449.0,537.8199
2025-04-15 07:48:00-04:00,537.6,537.74,537.6,537.74,2906.0,537.6464
2025-04-15 07:49:00-04:00,537.8,537.81,537.37,537.42,6150.0,537.5382
2025-04-15 07:50:00-04:00,537.5,537.5,537.1,537.16,5636.0,537.2946
2025-04-15 07:51:00-04:00,537.04,537.28,536.9,536.97,11483.0,537.037
2025-04-15 07:52:00-04:00,537.15,537.4,537.15,537.4,7807.0,537.2586
2025-04-15 07:53:00-04:00,537.2,537.41,537.2,537.3,13867.0,537.3541
2025-04-15 07:54:00-04:00,537.54,537.7,537.54,537.64,7615.0,537.638
2025-04-15 07:55:00-04:00,537.66,537.66,537.46,537.46,4973.0,537.5779
2025-04-15 07:56:00-04:00,537.52,537.71,537.52,537.61,2972.0,537.6398
2025-04-15 07:57:00-04:00,537.69,537.87,537.6,537.6,5381.0,537.6966
2025-04-15 07:58:00-04:00,537.5,537.5,537.2,537.3,9991.0,537.3929
2025-04-15 07:59:00-04:00,537.3,537.38,537.16,537.38,2779.0,537.2614
2025-04-15 08:00:00-04:00,539.66,541.0,536.85,537.32,134199.0,538.7944
2025-04-15 08:01:00-04:00,537.34,538.5,537.2,538.5,7026.0,538.7139
2025-04-15 08:02:00-04:00,537.64,537.8,537.64,537.8,4561.0,537.7452
2025-04-15 08:03:00-04:00,537.67,537.85,537.67,537.85,2689.0,537.7783
2025-04-15 08:04:00-04:00,537.85,537.85,537.7,537.81,1906.0,537.7867
2025-04-15 08:05:00-04:00,537.75,537.92,537.7,537.81,7305.0,537.7927
2025-04-15 08:06:00-04:00,537.62,537.622,537.5417,537.622,5865.0,537.5933
2025-04-15 08:07:00-04:00,537.67,538.0,537.67,538.0,4256.0,537.8159
2025-04-15 08:08:00-04:00,537.98,538.15,537.98,538.15,3923.0,538.043
2025-04-15 08:09:00-04:00,538.1,538.1,538.0,538.0,2587.0,538.0651
2025-04-15 08:10:00-04:00,538.16,538.23,537.94,537.94,5828.0,538.0852
2025-04-15 08:11:00-04:00,537.9,537.94,537.6603,537.8206,11759.0,537.7893
2025-04-15 08:12:00-04:00,538.0,538.1085,538.0,538.0,4941.0,538.0022
2025-04-15 08:13:00-04:00,537.91,537.96,537.861,537.93,1545.0,537.9094
2025-04-15 08:15:00-04:00,537.8,537.8,537.55,537.62,7462.0,537.632
2025-04-15 08:16:00-04:00,537.5,537.59,537.34,537.5801,4860.0,537.4862
2025-04-15 08:17:00-04:00,537.65,537.74,537.43,537.5,7627.0,537.5599
2025-04-15 08:18:00-04:00,537.4988,537.56,537.25,537.3,93851.0,537.3084
2025-04-15 08:19:00-04:00,537.3,537.42,537.09,537.09,14925.0,537.2785
2025-04-15 08:20:00-04:00,537.13,537.2,536.73,536.75,81829.0,536.9864
2025-04-15 08:21:00-04:00,536.72,536.74,536.4,536.57,7600.0,536.6125
2025-04-15 08:22:00-04:00,536.45,536.74,536.45,536.7,25285.0,536.6597
2025-04-15 08:23:00-04:00,536.61,536.63,536.54,536.63,3585.0,536.6007
2025-04-15 08:24:00-04:00,536.72,536.8797,536.7,536.7,74502.0,536.7881
2025-04-15 08:25:00-04:00,536.62,536.8,536.62,536.8,2462.0,536.7187
2025-04-15 08:26:00-04:00,536.82,536.82,536.39,536.48,13178.0,536.4967
2025-04-15 08:27:00-04:00,536.42,536.57,536.16,536.24,13173.0,536.3457
2025-04-15 08:28:00-04:00,536.25,536.45,536.16,536.42,11027.0,536.261
2025-04-15 08:29:00-04:00,536.3,536.89,536.27,536.67,9372.0,536.5733
2025-04-15 08:30:00-04:00,536.67,536.98,536.67,536.82,13384.0,536.8325
2025-04-15 08:31:00-04:00,536.81,536.9795,536.75,536.9,11042.0,536.9194
2025-04-15 08:32:00-04:00,536.91,537.0,536.82,536.95,5126.0,536.8997
2025-04-15 08:33:00-04:00,536.96,537.03,536.91,536.91,13690.0,536.9821
2025-04-15 08:34:00-04:00,536.92,536.96,536.85,536.87,7023.0,536.9203
2025-04-15 08:35:00-04:00,536.96,537.07,536.83,536.9,14128.0,536.9368
2025-04-15 08:36:00-04:00,536.85,537.02,536.85,536.9,2259.0,536.9341
2025-04-15 08:37:00-04:00,537.0,537.3299,536.9717,537.27,10604.0,537.1512
2025-04-15 08:38:00-04:00,537.2501,537.4,537.2,537.32,9402.0,537.2992
2025-04-15 08:39:00-04:00,537.41,537.54,537.38,537.43,5419.0,537.4536
2025-04-15 08:40:00-04:00,537.4,537.57,537.34,537.34,10517.0,537.4854
2025-04-15 08:41:00-04:00,537.4,537.5612,537.37,537.52,8502.0,537.5076
2025-04-15 08:42:00-04:00,537.5,537.5,537.42,537.43,5389.0,537.4512
2025-04-15 08:43:00-04:00,537.52,537.8915,537.49,537.8915,16544.0,537.7421
2025-04-15 08:44:00-04:00,537.9,538.06,537.89,538.06,11918.0,537.9737
2025-04-15 08:45:00-04:00,538.0,538.03,537.57,537.57,7203.0,537.7739
2025-04-15 08:46:00-04:00,537.6401,537.65,537.5,537.54,8654.0,537.5874
2025-04-15 08:47:00-04:00,537.5599,537.6,537.37,537.5008,17554.0,537.4866
2025-04-15 08:48:00-04:00,537.51,537.95,537.51,537.95,12448.0,537.7472
2025-04-15 08:49:00-04:00,537.64,537.64,537.45,537.51,10998.0,537.5012
2025-04-15 08:50:00-04:00,537.46,537.53,537.38,537.45,5589.0,537.4389
2025-04-15 08:51:00-04:00,537.62,537.65,537.55,537.65,2609.0,537.6097
2025-04-15 08:52:00-04:00,537.61,537.68,537.55,537.6799,2893.0,537.6264
2025-04-15 08:53:00-04:00,537.65,537.96,537.65,537.93,5691.0,537.8215
2025-04-15 08:54:00-04:00,538.01,538.01,537.78,537.9,4656.0,537.8917
2025-04-15 08:55:00-04:00,537.95,538.05,537.93,537.93,5128.0,537.9771
2025-04-15 08:56:00-04:00,537.99,538.08,537.99,538.0201,2394.0,538.0516
2025-04-15 08:57:00-04:00,537.99,538.17,537.97,538.169,5857.0,538.0727
2025-04-15 08:58:00-04:00,538.2,538.3,538.2,538.22,6163.0,538.217
2025-04-15 08:59:00-04:00,538.161,538.1891,538.16,538.17,2279.0,538.1732
2025-04-15 09:00:00-04:00,538.22,538.5,538.22,538.46,5818.0,538.3673
2025-04-15 09:01:00-04:00,538.4,538.6394,538.3985,538.6394,18999.0,538.5666
2025-04-15 09:02:00-04:00,538.5991,538.69,538.55,538.59,46299.0,538.5931
2025-04-15 09:03:00-04:00,538.58,538.665,538.571,538.58,23597.0,538.6079
2025-04-15 09:04:00-04:00,538.59,538.62,538.5701,538.62,3805.0,538.6026
2025-04-15 09:05:00-04:00,538.62,538.62,538.6,538.6,1162.0,538.5928
2025-04-15 09:06:00-04:00,538.6097,538.78,538.421,538.78,6027.0,538.5858
2025-04-15 09:07:00-04:00,538.78,538.81,538.59,538.59,2030.0,538.7035
2025-04-15 09:08:00-04:00,538.79,538.82,538.65,538.65,3308.0,538.7511
2025-04-15 09:09:00-04:00,538.65,538.66,538.55,538.55,1914.0,538.5874
2025-04-15 09:10:00-04:00,538.63,538.8,538.61,538.8,5137.0,538.7072
2025-04-15 09:11:00-04:00,538.76,538.8,538.74,538.76,17015.0,538.7562
2025-04-15 09:12:00-04:00,538.76,539.14,538.75,538.85,31781.0,538.9515
2025-04-15 09:13:00-04:00,538.96,538.96,538.7,538.95,2674.0,538.8464
2025-04-15 09:14:00-04:00,538.8,538.8,538.7,538.7,1678.0,538.7311
2025-04-15 09:15:00-04:00,538.69,538.8717,538.69,538.85,1867.0,538.8025
2025-04-15 09:16:00-04:00,538.9,538.9799,538.9,538.95,3254.0,538.9327
2025-04-15 09:17:00-04:00,538.97,539.01,538.88,538.93,6043.0,538.932
2025-04-15 09:18:00-04:00,538.88,538.92,538.8,538.8005,6768.0,538.8705
2025-04-15 09:19:00-04:00,538.8,538.81,538.74,538.74,5629.0,538.7756
2025-04-15 09:20:00-04:00,538.82,538.8389,538.7,538.8389,2203.0,538.7776
2025-04-15 09:21:00-04:00,538.76,538.89,538.76,538.89,2079.0,538.8057
2025-04-15 09:22:00-04:00,538.88,538.95,538.83,538.84,30120.0,538.8694
2025-04-15 09:23:00-04:00,538.82,538.9199,538.82,538.85,3643.0,538.8587
2025-04-15 09:24:00-04:00,538.89,538.89,538.75,538.76,5076.0,538.8374
2025-04-15 09:25:00-04:00,538.76,538.84,538.6,538.82,8164.0,538.7256
2025-04-15 09:26:00-04:00,538.85,538.92,538.8,538.8999,7248.0,538.8759
2025-04-15 09:27:00-04:00,538.86,539.17,538.8,538.85,13520.0,538.9516
2025-04-15 09:28:00-04:00,538.88,539.37,538.88,539.09,23959.0,539.1248
2025-04-15 09:29:00-04:00,539.13,539.68,539.09,539.68,64945.0,539.2965
2025-04-15 09:30:00-04:00,539.675,540.12,539.44,539.73,470477.0,539.7168
2025-04-15 09:31:00-04:00,539.73,540.21,539.52,539.76,257079.0,539.8966
2025-04-15 09:32:00-04:00,539.76,540.84,539.72,540.55,272983.0,540.2557
2025-04-15 09:33:00-04:00,540.48,540.81,539.67,539.71,194044.0,540.3088
2025-04-15 09:34:00-04:00,539.6209,540.36,539.249,540.265,200589.0,539.785
2025-04-15 09:35:00-04:00,540.26,540.29,539.5,539.605,163424.0,539.9264
2025-04-15 09:36:00-04:00,539.575,540.54,539.575,539.83,96299.0,540.1555
2025-04-15 09:37:00-04:00,539.83,540.69,539.69,540.6102,119458.0,540.3322
2025-04-15 09:38:00-04:00,540.65,540.99,540.4015,540.98,143803.0,540.6649
2025-04-15 09:39:00-04:00,541.0,541.62,540.98,541.44,451474.0,541.4946
2025-04-15 09:40:00-04:00,541.45,541.77,541.37,541.4839,329975.0,541.6029
2025-04-15 09:41:00-04:00,541.5,541.9,541.22,541.53,182028.0,541.577
2025-04-15 09:42:00-04:00,541.47,542.22,541.31,542.08,169135.0,541.8595
2025-04-15 09:43:00-04:00,542.1,542.18,541.5,541.54,138686.0,541.8636
2025-04-15 09:44:00-04:00,541.55,541.7927,541.23,541.7759,138780.0,541.5829
2025-04-15 09:45:00-04:00,541.8,541.84,541.09,541.29,180326.0,541.4462
2025-04-15 09:46:00-04:00,541.31,541.86,541.01,541.69,153528.0,541.5229
2025-04-15 09:47:00-04:00,541.65,541.99,541.641,541.85,128405.0,541.7648
2025-04-15 09:48:00-04:00,541.92,542.36,541.92,542.31,122947.0,542.1534
2025-04-15 09:49:00-04:00,542.37,542.41,542.03,542.11,127893.0,542.2245
2025-04-15 09:50:00-04:00,542.14,542.24,541.89,542.2,113738.0,542.054
2025-04-15 09:51:00-04:00,542.16,542.64,542.01,542.5114,163543.0,542.4307
2025-04-15 09:52:00-04:00,542.57,542.9499,542.15,542.41,188555.0,542.5131
2025-04-15 09:53:00-04:00,542.42,542.6,542.22,542.51,130078.0,542.4194
2025-04-15 09:54:00-04:00,542.53,542.59,542.32,542.45,185405.0,542.47
2025-04-15 09:55:00-04:00,542.47,542.64,542.1,542.64,190741.0,542.4564
2025-04-15 09:56:00-04:00,542.64,542.64,541.97,542.1651,113959.0,542.2832
2025-04-15 09:57:00-04:00,542.18,542.5599,541.76,541.8,111711.0,542.1948
2025-04-15 09:58:00-04:00,541.83,541.99,541.42,541.93,162348.0,541.6902
2025-04-15 09:59:00-04:00,541.965,542.09,541.43,541.48,110575.0,541.6466
2025-04-15 10:00:00-04:00,541.52,542.01,541.23,541.71,342800.0,540.7466
2025-04-15 10:01:00-04:00,541.78,542.08,541.5,541.7,89689.0,541.8536
2025-04-15 10:02:00-04:00,541.6799,542.05,541.6001,541.99,94949.0,541.8883
2025-04-15 10:03:00-04:00,541.96,542.35,541.8966,542.17,143793.0,542.1979
2025-04-15 10:04:00-04:00,542.16,542.22,541.71,541.9,75471.0,542.0001
2025-04-15 10:05:00-04:00,541.93,542.37,541.63,542.25,219258.0,541.9362
2025-04-15 10:06:00-04:00,542.24,542.42,541.92,542.33,109927.0,542.1558
2025-04-15 10:07:00-04:00,542.31,542.49,542.1,542.39,85097.0,542.2888
2025-04-15 10:08:00-04:00,542.37,542.4106,542.13,542.4,77726.0,542.2737
2025-04-15 10:09:00-04:00,542.38,542.44,541.71,541.92,173349.0,542.0577
2025-04-15 10:10:00-04:00,541.9,542.5199,541.785,542.48,85074.0,542.2713
2025-04-15 10:11:00-04:00,542.44,542.94,542.3,542.93,125937.0,542.5945
2025-04-15 10:12:00-04:00,542.92,543.11,542.77,543.02,130345.0,543.0103
2025-04-15 10:13:00-04:00,542.97,543.23,542.59,542.64,102259.0,542.9474
2025-04-15 10:14:00-04:00,542.62,542.69,541.53,541.74,157400.0,542.0448
2025-04-15 10:15:00-04:00,541.75,542.29,541.62,542.2253,101222.0,541.9682
2025-04-15 10:16:00-04:00,542.21,542.56,541.94,541.96,99872.0,542.2756
2025-04-15 10:17:00-04:00,541.96,542.38,539.95,540.944,816295.0,541.2001
2025-04-15 10:18:00-04:00,540.97,541.3,540.16,540.19,420476.0,540.7093
2025-04-15 10:19:00-04:00,540.2,540.3,539.1,539.41,437750.0,539.7176
2025-04-15 10:20:00-04:00,539.39,539.3947,538.14,539.3,443666.0,538.7583
2025-04-15 10:21:00-04:00,539.26,540.17,539.04,540.14,352146.0,539.6794
2025-04-15 10:22:00-04:00,540.19,540.9,540.12,540.56,285388.0,540.5097
2025-04-15 10:23:00-04:00,540.55,540.68,539.7,539.91,155147.0,540.0705
2025-04-15 10:24:00-04:00,539.94,540.1,539.44,539.46,166746.0,539.7547
2025-04-15 10:25:00-04:00,539.475,539.84,539.09,539.18,192253.0,539.6251
2025-04-15 10:26:00-04:00,539.21,539.36,538.74,538.86,175799.0,539.0936
2025-04-15 10:27:00-04:00,538.85,539.51,538.78,539.165,153277.0,539.1234
2025-04-15 10:28:00-04:00,539.23,540.05,539.2,539.87,180634.0,539.7109
2025-04-15 10:29:00-04:00,539.89,539.9799,539.36,539.4,123579.0,539.5218
2025-04-15 10:30:00-04:00,539.4,540.32,539.3401,540.25,297085.0,539.4863
2025-04-15 10:31:00-04:00,540.255,540.32,539.85,539.97,83866.0,540.1219
2025-04-15 10:32:00-04:00,540.02,540.45,539.9,540.4,94241.0,540.233
2025-04-15 10:33:00-04:00,540.42,540.89,540.3301,540.8,144334.0,540.6612
2025-04-15 10:34:00-04:00,540.8,540.9799,540.57,540.85,105566.0,540.7763
2025-04-15 10:35:00-04:00,540.83,541.04,540.22,540.32,150168.0,540.7244
2025-04-15 10:36:00-04:00,540.325,540.96,540.21,540.63,62667.0,540.5824
2025-04-15 10:37:00-04:00,540.62,540.72,539.98,540.2,141005.0,540.2596
2025-04-15 10:38:00-04:00,540.21,540.39,539.86,540.08,58928.0,540.1797
2025-04-15 10:39:00-04:00,540.02,540.089,539.725,539.9,101333.0,539.8972
2025-04-15 10:40:00-04:00,539.9509,540.06,539.51,540.045,116946.0,539.7127
2025-04-15 10:41:00-04:00,540.1,540.53,539.76,540.53,112813.0,540.0947
2025-04-15 10:42:00-04:00,540.4886,540.99,540.45,540.7,111620.0,540.7564
2025-04-15 10:43:00-04:00,540.7683,541.69,540.67,541.63,156722.0,541.1487
2025-04-15 10:44:00-04:00,541.64,541.88,541.532,541.64,106300.0,541.6917
2025-04-15 10:45:00-04:00,541.66,541.8,541.21,541.68,88180.0,541.5501
2025-04-15 10:46:00-04:00,541.66,541.69,539.08,540.72,650174.0,540.4688
2025-04-15 10:47:00-04:00,540.84,541.29,540.37,540.72,295727.0,540.5831
2025-04-15 10:48:00-04:00,540.73,540.73,540.09,540.37,79651.0,540.4356
2025-04-15 10:49:00-04:00,540.39,540.9375,540.24,540.7,73539.0,540.5711
2025-04-15 10:50:00-04:00,540.65,540.82,539.8,539.87,123149.0,540.0878
2025-04-15 10:51:00-04:00,539.87,540.83,539.78,540.69,101464.0,540.3995
2025-04-15 10:52:00-04:00,540.72,541.05,540.37,540.38,107571.0,540.8453
2025-04-15 10:53:00-04:00,540.4,541.15,540.36,540.705,73711.0,540.9101
2025-04-15 10:54:00-04:00,540.81,541.14,540.72,541.02,34371.0,540.9422
2025-04-15 10:55:00-04:00,541.08,541.35,540.76,541.2,68008.0,541.1827
2025-04-15 10:56:00-04:00,541.27,541.6,541.14,541.27,84091.0,541.4175
2025-04-15 10:57:00-04:00,541.37,541.55,541.11,541.335,841561.0,540.1897
2025-04-15 10:58:00-04:00,541.37,541.37,540.655,541.0363,70235.0,541.0014
2025-04-15 10:59:00-04:00,541.06,541.25,540.5,540.58,144699.0,540.9006
2025-04-15 11:00:00-04:00,540.5801,541.31,540.43,541.2799,196549.0,540.8122
2025-04-15 11:01:00-04:00,541.28,541.46,541.11,541.3,127301.0,541.2955
2025-04-15 11:02:00-04:00,541.26,541.43,540.88,541.26,47083.0,541.1652
2025-04-15 11:03:00-04:00,541.2,541.41,540.86,541.18,49799.0,541.2143
2025-04-15 11:04:00-04:00,541.23,541.51,541.03,541.4496,43728.0,541.3571
2025-04-15 11:05:00-04:00,541.45,541.6339,541.07,541.47,70765.0,541.4153
2025-04-15 11:06:00-04:00,541.48,541.6144,540.732,540.7999,116152.0,541.1568
2025-04-15 11:07:00-04:00,540.8065,540.8199,540.42,540.7,127005.0,540.6363
2025-04-15 11:08:00-04:00,540.7242,540.99,540.53,540.67,56119.0,540.7446
2025-04-15 11:09:00-04:00,540.6401,540.93,540.55,540.89,57714.0,540.7134
2025-04-15 11:10:00-04:00,540.89,541.15,540.49,541.14,63544.0,540.7773
2025-04-15 11:11:00-04:00,541.12,541.33,540.46,540.52,102724.0,540.9898
2025-04-15 11:12:00-04:00,540.5,541.46,540.45,541.39,152325.0,540.9906
2025-04-15 11:13:00-04:00,541.42,541.439,541.03,541.0734,41992.0,541.2453
2025-04-15 11:14:00-04:00,541.12,541.57,541.12,541.4871,48585.0,541.4433
2025-04-15 11:15:00-04:00,541.44,541.7,541.3501,541.5437,60920.0,541.5039
2025-04-15 11:16:00-04:00,541.61,541.81,541.58,541.608,45622.0,541.6871
2025-04-15 11:17:00-04:00,541.59,541.72,541.29,541.7029,79122.0,541.4959
2025-04-15 11:18:00-04:00,541.695,541.85,541.52,541.5403,48732.0,541.66
2025-04-15 11:19:00-04:00,541.55,541.62,541.4,541.47,44070.0,541.4996
2025-04-15 11:20:00-04:00,541.55,541.9349,541.54,541.81,57663.0,541.7696
2025-04-15 11:21:00-04:00,541.84,541.9,541.422,541.7987,54065.0,541.69
2025-04-15 11:22:00-04:00,541.8,542.03,541.66,541.66,87411.0,541.8657
2025-04-15 11:23:00-04:00,541.69,541.89,541.4,541.44,59084.0,541.5971
2025-04-15 11:24:00-04:00,541.55,541.82,541.55,541.7,52961.0,541.7154
2025-04-15 11:25:00-04:00,541.67,541.69,540.807,540.83,124420.0,541.1163
2025-04-15 11:26:00-04:00,540.82,540.885,540.55,540.735,70787.0,540.7193
2025-04-15 11:27:00-04:00,540.71,540.855,540.6,540.675,52522.0,540.7125
2025-04-15 11:28:00-04:00,540.6615,540.6615,540.33,540.432,73272.0,540.5005
2025-04-15 11:29:00-04:00,540.4,540.54,540.15,540.1701,83650.0,540.2879
2025-04-15 11:30:00-04:00,540.22,540.7239,540.09,540.6999,81170.0,540.3737
2025-04-15 11:31:00-04:00,540.64,541.4383,540.64,541.39,161097.0,540.7979
2025-04-15 11:32:00-04:00,541.41,541.53,541.0,541.03,76340.0,541.2358
2025-04-15 11:33:00-04:00,541.04,541.05,540.74,540.85,52922.0,540.8939
2025-04-15 11:34:00-04:00,540.8309,540.84,540.48,540.64,47643.0,540.6434
2025-04-15 11:35:00-04:00,540.6712,541.0,540.23,540.9,80810.0,540.5715
2025-04-15 11:36:00-04:00,540.87,540.87,540.17,540.2157,52201.0,540.4517
2025-04-15 11:37:00-04:00,540.2,540.23,539.77,540.14,175262.0,540.0118
2025-04-15 11:38:00-04:00,540.0,540.025,539.77,539.9,82682.0,539.9056
2025-04-15 11:39:00-04:00,539.9284,540.46,539.92,540.3505,68460.0,540.2691
2025-04-15 11:40:00-04:00,540.39,540.45,540.05,540.35,240199.0,539.4496
2025-04-15 11:41:00-04:00,540.3,540.5,540.21,540.33,36411.0,540.3544
2025-04-15 11:42:00-04:00,540.35,540.49,540.095,540.24,26551.0,540.3073
2025-04-15 11:43:00-04:00,540.24,540.58,540.17,540.4,28777.0,540.3876
2025-04-15 11:44:00-04:00,540.29,540.52,540.26,540.365,149428.0,540.4106
2025-04-15 11:45:00-04:00,540.32,540.8188,540.28,540.7386,63600.0,540.5649
2025-04-15 11:46:00-04:00,540.71,540.75,540.22,540.3486,57114.0,540.4386
2025-04-15 11:47:00-04:00,540.31,540.38,539.69,540.065,152187.0,539.9665
2025-04-15 11:48:00-04:00,540.08,540.1,539.63,539.75,74214.0,539.8211
2025-04-15 11:49:00-04:00,539.75,540.04,539.62,539.93,70924.0,539.8596
2025-04-15 11:50:00-04:00,540.0,540.1746,539.65,539.65,59942.0,540.0382
2025-04-15 11:51:00-04:00,539.69,539.76,539.44,539.541,84326.0,539.583
2025-04-15 11:52:00-04:00,539.535,540.81,539.535,540.7042,188360.0,540.2358
2025-04-15 11:53:00-04:00,540.7036,541.2499,540.6,541.05,116150.0,540.9655
2025-04-15 11:54:00-04:00,541.05,541.29,540.71,540.83,73005.0,540.9376
2025-04-15 11:55:00-04:00,540.791,540.85,540.52,540.68,57388.0,540.6563
2025-04-15 11:56:00-04:00,540.6801,540.905,540.26,540.29,59812.0,540.6344
2025-04-15 11:57:00-04:00,540.29,540.9385,540.19,540.9,66114.0,540.6896
2025-04-15 11:58:00-04:00,540.97,540.9962,540.59,540.9299,38362.0,540.7814
2025-04-15 11:59:00-04:00,540.92,541.0,540.8,540.9717,46543.0,540.9189
2025-04-15 12:00:00-04:00,541.0,541.17,540.9,540.97,71982.0,541.0839
2025-04-15 12:01:00-04:00,540.99,541.62,540.98,541.44,78521.0,541.3905
2025-04-15 12:02:00-04:00,541.5,541.51,541.2651,541.37,19724.0,541.4104
2025-04-15 12:03:00-04:00,541.39,541.56,541.34,541.42,23114.0,541.4483
2025-04-15 12:04:00-04:00,541.47,541.55,541.18,541.33,38920.0,541.4034
2025-04-15 12:05:00-04:00,541.33,541.51,541.17,541.17,39475.0,541.354
2025-04-15 12:06:00-04:00,541.2196,541.5059,541.2,541.38,47776.0,541.3627
2025-04-15 12:07:00-04:00,541.38,541.38,540.75,540.7637,65865.0,541.0476
2025-04-15 12:08:00-04:00,540.75,540.8,540.52,540.64,34304.0,540.6612
2025-04-15 12:09:00-04:00,540.6,540.84,540.53,540.77,64112.0,540.6541
2025-04-15 12:10:00-04:00,540.73,541.02,540.65,541.02,28979.0,540.8458
2025-04-15 12:11:00-04:00,541.0099,541.2,540.9037,540.95,50577.0,541.0283
2025-04-15 12:12:00-04:00,540.935,541.1551,540.72,540.91,53814.0,540.9684
2025-04-15 12:13:00-04:00,540.92,540.96,540.595,540.61,31322.0,540.7717
2025-04-15 12:14:00-04:00,540.58,540.909,540.51,540.909,33629.0,540.6634
2025-04-15 12:15:00-04:00,540.93,541.0798,540.77,541.0601,50145.0,540.8784
2025-04-15 12:16:00-04:00,541.06,541.31,540.8796,541.07,51794.0,541.1082
2025-04-15 12:17:00-04:00,541.11,541.11,540.62,540.6201,37624.0,540.8046
2025-04-15 12:18:00-04:00,540.6355,540.78,540.47,540.49,48999.0,540.563
2025-04-15 12:19:00-04:00,540.47,540.76,540.3726,540.72,31902.0,540.5483
2025-04-15 12:20:00-04:00,540.7387,540.76,540.48,540.76,48992.0,540.6894
2025-04-15 12:21:00-04:00,540.76,540.87,540.5,540.66,26030.0,540.6969
2025-04-15 12:22:00-04:00,540.67,541.13,540.53,541.1299,35716.0,540.8461
2025-04-15 12:23:00-04:00,541.1113,541.37,541.09,541.34,49629.0,541.25
2025-04-15 12:24:00-04:00,541.35,541.36,541.12,541.31,259465.0,541.213
2025-04-15 12:25:00-04:00,541.31,541.62,541.31,541.48,41284.0,541.4842
2025-04-15 12:26:00-04:00,541.4801,541.58,541.4,541.48,67662.0,541.4847
2025-04-15 12:27:00-04:00,541.4,541.54,541.14,541.54,63104.0,541.3772
2025-04-15 12:28:00-04:00,541.51,541.51,541.0401,541.0484,53355.0,541.195
2025-04-15 12:29:00-04:00,541.09,541.1265,540.9003,540.98,44796.0,541.0393
2025-04-15 12:30:00-04:00,541.0,541.38,540.9406,541.37,51600.0,541.1975
2025-04-15 12:31:00-04:00,541.36,541.4302,541.0,541.04,35682.0,541.2419
2025-04-15 12:32:00-04:00,541.03,541.3891,541.01,541.36,35487.0,541.2875
2025-04-15 12:33:00-04:00,541.3295,541.3295,540.875,540.95,27753.0,541.0096
2025-04-15 12:34:00-04:00,540.94,540.98,540.72,540.78,41173.0,540.8289
2025-04-15 12:35:00-04:00,540.83,541.06,540.77,540.83,24544.0,540.8783
2025-04-15 12:36:00-04:00,540.8742,540.9,540.67,540.78,49291.0,540.779
2025-04-15 12:37:00-04:00,540.79,540.82,540.5605,540.61,32040.0,540.6329
2025-04-15 12:38:00-04:00,540.59,540.62,540.33,540.57,49384.0,540.4458
2025-04-15 12:39:00-04:00,540.5604,540.5604,540.24,540.281,69733.0,540.3895
2025-04-15 12:40:00-04:00,540.26,540.48,540.12,540.46,49076.0,540.2948
2025-04-15 12:41:00-04:00,540.46,540.48,539.97,540.02,89013.0,540.1367
2025-04-15 12:42:00-04:00,540.0,540.41,540.0,540.3499,195367.0,540.3015
2025-04-15 12:43:00-04:00,540.35,540.49,540.2401,540.36,55161.0,540.4288
2025-04-15 12:44:00-04:00,540.39,540.79,540.35,540.7175,83649.0,540.6204
2025-04-15 12:45:00-04:00,540.7,540.92,540.67,540.85,61468.0,540.8301
2025-04-15 12:46:00-04:00,540.86,541.02,540.83,540.89,55082.0,540.928
2025-04-15 12:47:00-04:00,540.93,541.1397,540.81,541.0999,60766.0,541.0187
2025-04-15 12:48:00-04:00,541.05,541.09,540.525,540.7,36238.0,540.7632
2025-04-15 12:49:00-04:00,540.66,540.78,540.51,540.642,19397.0,540.6102
2025-04-15 12:50:00-04:00,540.64,540.7304,540.34,540.4,33289.0,540.4772
2025-04-15 12:51:00-04:00,540.42,540.42,540.23,540.3088,14562.0,540.3337
2025-04-15 12:52:00-04:00,540.33,540.33,539.9,539.9,58388.0,540.0538
2025-04-15 12:53:00-04:00,539.89,539.99,539.74,539.775,29122.0,539.8872
2025-04-15 12:54:00-04:00,539.79,539.8,539.39,539.51,81986.0,539.54
2025-04-15 12:55:00-04:00,539.48,539.485,538.8588,538.8588,187755.0,539.3332
2025-04-15 12:56:00-04:00,538.86,539.39,538.82,539.08,168794.0,539.1457
2025-04-15 12:57:00-04:00,539.06,539.1,538.49,538.565,131773.0,538.7116
2025-04-15 12:58:00-04:00,538.58,538.98,538.48,538.94,87491.0,538.7721
2025-04-15 12:59:00-04:00,538.94,539.24,538.88,539.04,138860.0,539.0907
2025-04-15 13:00:00-04:00,539.01,539.12,538.46,538.51,70065.0,538.7706
2025-04-15 13:01:00-04:00,538.54,539.1658,538.46,539.1,130016.0,538.9338
2025-04-15 13:02:00-04:00,539.105,539.175,538.8417,539.1,40713.0,539.013
2025-04-15 13:03:00-04:00,539.1218,539.66,539.06,539.61,197479.0,539.4654
2025-04-15 13:04:00-04:00,539.6,539.69,539.42,539.64,73882.0,539.53
2025-04-15 13:05:00-04:00,539.6388,539.86,539.4005,539.61,86211.0,539.6446
2025-04-15 13:06:00-04:00,539.6004,539.9,539.59,539.7675,51406.0,539.7796
2025-04-15 13:07:00-04:00,539.73,539.85,539.59,539.635,49336.0,539.6648
2025-04-15 13:08:00-04:00,539.63,539.69,539.28,539.4301,183490.0,538.9989
2025-04-15 13:09:00-04:00,539.4,539.6,539.11,539.15,82957.0,539.33
2025-04-15 13:10:00-04:00,539.17,539.35,538.95,539.245,83092.0,539.1536
2025-04-15 13:11:00-04:00,539.27,539.47,539.265,539.36,31086.0,539.372
2025-04-15 13:12:00-04:00,539.34,539.42,538.9,539.085,84597.0,539.0572
2025-04-15 13:13:00-04:00,539.1,539.57,539.1,539.29,75262.0,539.34
2025-04-15 13:14:00-04:00,539.29,539.4,539.19,539.3499,46593.0,539.2853
2025-04-15 13:15:00-04:00,539.34,539.445,539.01,539.09,42272.0,539.1633
2025-04-15 13:16:00-04:00,539.08,539.2634,538.56,538.59,104446.0,538.8706
2025-04-15 13:17:00-04:00,538.6,538.7088,538.31,538.43,55166.0,538.499
2025-04-15 13:18:00-04:00,538.415,538.88,538.35,538.815,61215.0,538.6406
2025-04-15 13:19:00-04:00,538.7945,538.88,538.55,538.65,98873.0,538.6377
2025-04-15 13:20:00-04:00,538.63,538.7488,538.4499,538.7488,66387.0,538.586
2025-04-15 13:21:00-04:00,538.75,538.82,538.395,538.47,72565.0,538.5666
2025-04-15 13:22:00-04:00,538.45,538.51,538.02,538.04,153200.0,538.145
2025-04-15 13:23:00-04:00,538.09,538.09,537.5,537.79,162839.0,537.7345
2025-04-15 13:24:00-04:00,537.8495,538.11,537.78,538.065,79924.0,537.9877
2025-04-15 13:25:00-04:00,538.065,538.21,537.49,537.52,78792.0,537.8684
2025-04-15 13:26:00-04:00,537.53,538.06,537.37,538.055,98757.0,537.8367
2025-04-15 13:27:00-04:00,538.0553,538.26,537.81,537.81,89650.0,538.0871
2025-04-15 13:28:00-04:00,537.8,538.09,537.69,538.02,60056.0,537.9242
2025-04-15 13:29:00-04:00,537.98,538.02,537.67,537.76,51354.0,537.8533
2025-04-15 13:30:00-04:00,537.77,538.65,537.71,538.61,144064.0,538.3345
2025-04-15 13:31:00-04:00,538.6366,538.6366,538.27,538.5,60619.0,538.4263
2025-04-15 13:32:00-04:00,538.5,538.67,538.0801,538.13,60869.0,538.3797
2025-04-15 13:33:00-04:00,538.17,538.42,538.01,538.07,57810.0,538.1591
2025-04-15 13:34:00-04:00,538.055,538.3483,537.91,538.0451,35785.0,538.131
2025-04-15 13:35:00-04:00,538.01,538.25,537.8801,538.0,68842.0,537.9859
2025-04-15 13:36:00-04:00,537.96,538.23,537.61,538.1409,188890.0,537.9837
2025-04-15 13:37:00-04:00,538.07,538.58,538.04,538.58,76088.0,538.3824
2025-04-15 13:38:00-04:00,538.58,538.8,538.41,538.54,63367.0,538.6116
2025-04-15 13:39:00-04:00,538.535,538.7,538.52,538.7,30215.0,538.6167
2025-04-15 13:40:00-04:00,538.74,539.19,538.7212,539.15,151870.0,538.9925
2025-04-15 13:41:00-04:00,539.14,539.2457,538.69,538.7801,124681.0,538.9676
2025-04-15 13:42:00-04:00,538.8121,538.96,538.68,538.735,59774.0,538.8583
2025-04-15 13:43:00-04:00,538.66,538.98,538.66,538.87,39279.0,538.8869
2025-04-15 13:44:00-04:00,538.93,539.05,538.81,538.814,53585.0,538.955
2025-04-15 13:45:00-04:00,538.83,538.96,538.43,538.5501,59532.0,538.6358
2025-04-15 13:46:00-04:00,538.61,538.91,538.61,538.75,34628.0,538.7862
2025-04-15 13:47:00-04:00,538.8,538.97,538.68,538.76,33677.0,538.8076
2025-04-15 13:48:00-04:00,538.76,538.94,538.47,538.88,35846.0,538.6695
2025-04-15 13:49:00-04:00,538.8653,539.0,538.73,538.9401,42722.0,538.8731
2025-04-15 13:50:00-04:00,538.96,539.05,538.6901,538.74,26066.0,538.881
2025-04-15 13:51:00-04:00,538.77,538.96,538.41,538.4398,42034.0,538.6538
2025-04-15 13:52:00-04:00,538.46,538.53,538.13,538.25,121631.0,538.27
2025-04-15 13:53:00-04:00,538.19,538.255,537.45,537.52,336051.0,537.7214
2025-04-15 13:54:00-04:00,537.525,537.79,537.49,537.5,189518.0,537.6181
2025-04-15 13:55:00-04:00,537.49,537.97,537.385,537.7,116953.0,537.7153
2025-04-15 13:56:00-04:00,537.7344,538.02,537.7,537.83,68847.0,537.8813
2025-04-15 13:57:00-04:00,537.75,538.12,537.65,538.075,77204.0,537.9869
2025-04-15 13:58:00-04:00,538.05,538.65,538.04,538.44,103349.0,538.3987
2025-04-15 13:59:00-04:00,538.39,538.435,538.2867,538.2867,138203.0,538.1809
2025-04-15 14:00:00-04:00,538.32,538.775,538.21,538.6,45282.0,538.5968
2025-04-15 14:01:00-04:00,538.6,538.64,538.03,538.1541,107803.0,538.2424
2025-04-15 14:02:00-04:00,538.14,538.4,537.82,538.08,129334.0,538.1437
2025-04-15 14:03:00-04:00,538.0653,538.23,537.67,537.95,60646.0,537.9005
2025-04-15 14:04:00-04:00,538.08,538.17,537.73,538.12,87271.0,538.013
2025-04-15 14:05:00-04:00,538.1,538.17,537.56,537.62,81751.0,537.7874
2025-04-15 14:06:00-04:00,537.615,537.8715,537.58,537.8,57887.0,537.7338
2025-04-15 14:07:00-04:00,537.74,538.2,537.44,538.2,126015.0,537.7096
2025-04-15 14:08:00-04:00,538.2,538.2,537.81,537.87,47973.0,538.0353
2025-04-15 14:09:00-04:00,537.8716,538.13,537.84,538.08,63468.0,538.0105
2025-04-15 14:10:00-04:00,538.08,538.22,537.7824,537.84,79553.0,537.9588
2025-04-15 14:11:00-04:00,537.89,538.01,537.67,537.7,50057.0,537.8372
2025-04-15 14:12:00-04:00,537.8,537.8,537.42,537.6703,61610.0,537.6317
2025-04-15 14:13:00-04:00,537.7,537.7,537.35,537.41,87306.0,537.5391
2025-04-15 14:14:00-04:00,537.35,537.43,537.05,537.38,132253.0,537.2605
2025-04-15 14:15:00-04:00,537.365,537.5299,536.81,536.82,185881.0,537.0982
2025-04-15 14:16:00-04:00,536.84,537.47,536.82,537.2453,99963.0,537.2299
2025-04-15 14:17:00-04:00,537.27,537.29,536.94,537.242,59961.0,537.1499
2025-04-15 14:18:00-04:00,537.22,537.42,537.2,537.39,37265.0,537.3059
2025-04-15 14:19:00-04:00,537.37,537.42,536.96,537.066,193885.0,536.9992
2025-04-15 14:20:00-04:00,537.06,537.17,536.8301,536.98,44404.0,536.9909
2025-04-15 14:21:00-04:00,536.96,537.05,536.81,537.01,98186.0,536.9613
2025-04-15 14:22:00-04:00,537.05,537.6,536.93,537.4855,117333.0,537.3472
2025-04-15 14:23:00-04:00,537.482,537.6,537.3,537.34,84726.0,537.4318
2025-04-15 14:24:00-04:00,537.37,537.4,537.26,537.345,26914.0,537.3363
2025-04-15 14:25:00-04:00,537.31,538.06,537.29,537.785,117566.0,537.8019
2025-04-15 14:26:00-04:00,537.78,538.03,537.67,537.72,77173.0,537.8792
2025-04-15 14:27:00-04:00,537.79,537.8,537.17,537.37,81103.0,537.4482
2025-04-15 14:28:00-04:00,537.27,537.57,537.27,537.38,55193.0,537.4077
2025-04-15 14:29:00-04:00,537.38,537.648,537.3763,537.5,42539.0,537.5053
2025-04-15 14:30:00-04:00,537.44,537.67,537.435,537.58,35405.0,537.5566
2025-04-15 14:31:00-04:00,537.57,537.9,537.55,537.86,68379.0,537.7921
2025-04-15 14:32:00-04:00,537.85,538.12,537.8,538.12,72389.0,537.9605
2025-04-15 14:33:00-04:00,538.15,538.33,537.95,538.0401,151968.0,538.1702
2025-04-15 14:34:00-04:00,538.07,538.27,538.07,538.27,70402.0,538.2074
2025-04-15 14:35:00-04:00,538.27,538.37,537.97,538.0799,122664.0,538.1941
2025-04-15 14:36:00-04:00,538.18,538.44,538.09,538.2396,101923.0,538.3011
2025-04-15 14:37:00-04:00,538.24,538.242,537.62,537.9,160334.0,537.8902
2025-04-15 14:38:00-04:00,537.88,537.93,537.68,537.72,61842.0,537.7907
2025-04-15 14:39:00-04:00,537.71,537.99,537.68,537.93,44684.0,537.8506
2025-04-15 14:40:00-04:00,537.9497,538.0599,537.78,537.82,41879.0,537.9514
2025-04-15 14:41:00-04:00,537.83,538.36,537.8,538.335,213116.0,538.0606
2025-04-15 14:42:00-04:00,538.35,538.38,538.02,538.166,43497.0,538.1758
2025-04-15 14:43:00-04:00,538.15,538.2,538.04,538.17,40315.0,538.1237
2025-04-15 14:44:00-04:00,538.185,538.71,538.185,538.66,127818.0,538.4733
2025-04-15 14:45:00-04:00,538.67,538.95,538.66,538.91,109309.0,538.7684
2025-04-15 14:46:00-04:00,538.9161,539.21,538.7,538.728,146378.0,538.9857
2025-04-15 14:47:00-04:00,538.74,538.89,538.49,538.66,96990.0,538.6617
2025-04-15 14:48:00-04:00,538.66,538.75,538.26,538.4401,78752.0,538.4201
2025-04-15 14:49:00-04:00,538.435,538.49,538.325,538.4,47933.0,538.4051
2025-04-15 14:50:00-04:00,538.39,538.52,538.255,538.475,69200.0,538.3971
2025-04-15 14:51:00-04:00,538.49,538.561,538.17,538.55,88901.0,538.4263
2025-04-15 14:52:00-04:00,538.58,538.58,538.0,538.045,124692.0,538.2583
2025-04-15 14:53:00-04:00,538.02,538.54,538.02,538.42,60060.0,538.296
2025-04-15 14:54:00-04:00,538.4399,538.54,538.31,538.49,471660.0,538.4417
2025-04-15 14:55:00-04:00,538.49,538.71,538.43,538.57,45371.0,538.5889
2025-04-15 14:56:00-04:00,538.53,538.805,538.52,538.63,54250.0,538.6632
2025-04-15 14:57:00-04:00,538.61,538.87,538.535,538.8353,157240.0,538.7087
2025-04-15 14:58:00-04:00,538.81,538.99,538.69,538.95,85299.0,538.8532
2025-04-15 14:59:00-04:00,538.94,538.94,538.63,538.63,69806.0,538.7778
2025-04-15 15:00:00-04:00,538.63,538.7383,538.4,538.6898,74748.0,538.5894
2025-04-15 15:01:00-04:00,538.7299,538.7299,538.2067,538.29,102559.0,538.3657
2025-04-15 15:02:00-04:00,538.27,538.4807,538.15,538.33,54640.0,538.3479
2025-04-15 15:03:00-04:00,538.29,538.3,538.03,538.05,67966.0,538.2048
2025-04-15 15:04:00-04:00,538.03,538.5216,538.02,538.46,72712.0,538.312
2025-04-15 15:05:00-04:00,538.485,538.57,538.35,538.43,35040.0,538.4429
2025-04-15 15:06:00-04:00,538.4,538.6,538.3137,538.6,57186.0,538.4809
2025-04-15 15:07:00-04:00,538.595,538.6699,538.2693,538.39,39100.0,538.4316
2025-04-15 15:08:00-04:00,538.4,538.64,538.3996,538.41,24765.0,538.4992
2025-04-15 15:09:00-04:00,538.335,538.4,538.12,538.32,82994.0,538.266
2025-04-15 15:10:00-04:00,538.32,538.56,538.27,538.525,55734.0,538.4215
2025-04-15 15:11:00-04:00,538.54,538.56,538.22,538.2299,61386.0,538.3592
2025-04-15 15:12:00-04:00,538.23,538.46,538.08,538.39,2207685.0,538.4257
2025-04-15 15:13:00-04:00,538.42,538.8899,538.41,538.87,200639.0,538.6712
2025-04-15 15:14:00-04:00,538.87,539.2,538.84,538.97,194521.0,539.066
2025-04-15 15:15:00-04:00,538.98,539.16,538.8237,539.15,60271.0,538.9922
2025-04-15 15:16:00-04:00,539.15,539.25,538.925,539.04,83618.0,539.0724
2025-04-15 15:17:00-04:00,539.03,539.22,538.82,539.2098,84563.0,538.9665
2025-04-15 15:18:00-04:00,539.209,539.28,539.08,539.15,93899.0,539.1625
2025-04-15 15:19:00-04:00,539.12,539.29,539.09,539.13,181666.0,539.1545
2025-04-15 15:20:00-04:00,539.12,539.15,538.77,538.8391,59523.0,538.9282
2025-04-15 15:21:00-04:00,538.82,539.14,538.8098,539.1,82369.0,538.9555
2025-04-15 15:22:00-04:00,539.09,539.24,538.9,539.16,58723.0,539.0874
2025-04-15 15:23:00-04:00,539.165,539.165,538.57,538.63,95886.0,538.7211
2025-04-15 15:24:00-04:00,538.61,538.68,538.37,538.54,87448.0,538.5228
2025-04-15 15:25:00-04:00,538.53,538.53,538.07,538.21,164922.0,538.2326
2025-04-15 15:26:00-04:00,538.1951,538.2997,538.08,538.08,75507.0,538.1565
2025-04-15 15:27:00-04:00,538.0942,538.12,537.74,538.08,140395.0,537.9692
2025-04-15 15:28:00-04:00,538.05,538.175,537.835,538.1698,85360.0,538.033
2025-04-15 15:29:00-04:00,538.17,538.41,538.12,538.3434,85717.0,538.2716
2025-04-15 15:30:00-04:00,538.36,538.685,538.29,538.45,82509.0,538.4844
2025-04-15 15:31:00-04:00,538.51,538.55,538.09,538.1001,197375.0,538.2789
2025-04-15 15:32:00-04:00,538.12,538.57,538.05,538.47,255076.0,538.5452
2025-04-15 15:33:00-04:00,538.47,538.55,538.2799,538.39,89077.0,538.4248
2025-04-15 15:34:00-04:00,538.35,538.4268,538.2103,538.26,69650.0,538.3204
2025-04-15 15:35:00-04:00,538.2,538.46,538.03,538.395,214591.0,538.5865
2025-04-15 15:36:00-04:00,538.41,538.65,537.8019,537.86,157468.0,538.21
2025-04-15 15:37:00-04:00,537.88,538.35,537.8301,538.11,94828.0,538.1553
2025-04-15 15:38:00-04:00,538.13,538.15,537.93,538.11,106715.0,538.0403
2025-04-15 15:39:00-04:00,538.115,538.2,537.8546,537.95,89644.0,538.0465
2025-04-15 15:40:00-04:00,537.93,538.211,537.87,538.05,82427.0,538.0617
2025-04-15 15:41:00-04:00,538.1,538.39,537.9875,538.14,99599.0,538.1678
2025-04-15 15:42:00-04:00,538.13,538.18,537.8,538.1,103888.0,537.9498
2025-04-15 15:43:00-04:00,538.1,538.3698,538.03,538.125,104002.0,538.1462
2025-04-15 15:44:00-04:00,538.13,538.23,538.02,538.13,51003.0,538.1131
2025-04-15 15:45:00-04:00,538.14,538.22,537.69,537.83,126960.0,537.8841
2025-04-15 15:46:00-04:00,537.86,537.89,537.46,537.49,280902.0,537.639
2025-04-15 15:47:00-04:00,537.47,537.54,537.14,537.515,397324.0,537.7952
2025-04-15 15:48:00-04:00,537.5203,537.67,537.26,537.42,199496.0,537.4799
2025-04-15 15:49:00-04:00,537.42,537.78,537.42,537.76,149911.0,537.6203
2025-04-15 15:50:00-04:00,537.77,538.5,537.55,538.17,366858.0,538.0646
2025-04-15 15:51:00-04:00,538.18,538.3068,537.94,538.2,281029.0,538.1701
2025-04-15 15:52:00-04:00,538.2,538.5,538.02,538.42,302180.0,538.1981
2025-04-15 15:53:00-04:00,538.42,538.54,538.29,538.49,259401.0,538.3958
2025-04-15 15:54:00-04:00,538.49,538.73,538.08,538.32,364155.0,538.4166
2025-04-15 15:55:00-04:00,538.32,538.35,537.8,538.0,485628.0,538.0457
2025-04-15 15:56:00-04:00,538.005,538.19,537.83,538.14,454343.0,538.2234
2025-04-15 15:57:00-04:00,538.1488,538.15,537.86,537.93,421004.0,537.9791
2025-04-15 15:58:00-04:00,537.93,538.04,537.85,537.87,528553.0,537.9428
2025-04-15 15:59:00-04:00,537.88,538.0,537.4,537.72,1567734.0,537.881
2025-04-15 16:00:00-04:00,537.8,537.82,537.55,537.82,151884.0,537.6803
2025-04-15 16:01:00-04:00,537.77,538.05,537.68,537.96,69981.0,537.8194
2025-04-15 16:02:00-04:00,537.96,537.96,537.6,537.83,99282.0,537.7942
2025-04-15 16:03:00-04:00,537.8,537.88,537.7,537.84,20211.0,537.7798
2025-04-15 16:04:00-04:00,537.89,538.1,537.81,538.09,542605.0,537.8737
2025-04-15 16:05:00-04:00,538.0699,538.25,538.04,538.16,19174.0,538.1591
2025-04-15 16:06:00-04:00,538.16,538.19,537.8708,538.09,517171.0,537.8789
2025-04-15 16:07:00-04:00,538.11,538.13,538.03,538.13,6666.0,538.0824
2025-04-15 16:08:00-04:00,538.18,538.2899,538.15,538.2899,14535.0,538.1927
2025-04-15 16:09:00-04:00,538.25,538.25,538.18,538.18,5783.0,538.2246
2025-04-15 16:10:00-04:00,538.17,538.17,537.81,537.92,34465.0,537.8975
2025-04-15 16:11:00-04:00,537.88,537.88,537.79,537.79,37259.0,537.8246
2025-04-15 16:12:00-04:00,537.79,537.8,537.7,537.72,847000.0,537.8572
2025-04-15 16:13:00-04:00,537.76,537.8,537.76,537.76,261255.0,537.7794
2025-04-15 16:14:00-04:00,537.85,537.9095,537.69,537.71,26316.0,537.7614
2025-04-15 16:15:00-04:00,537.69,537.69,537.61,537.63,129146.0,538.7799
2025-04-15 16:16:00-04:00,537.62,537.62,537.58,537.58,9134.0,537.5887
2025-04-15 16:17:00-04:00,537.61,537.66,537.59,537.66,30812.0,537.6382
2025-04-15 16:18:00-04:00,537.69,537.82,537.69,537.77,2759.0,537.7418
2025-04-15 16:19:00-04:00,537.73,537.87,537.71,537.77,17319.0,537.8201
2025-04-15 16:20:00-04:00,537.8086,537.8086,537.71,537.72,1820.0,537.7423
2025-04-15 16:21:00-04:00,537.74,537.74,537.66,537.66,20714.0,537.6984
2025-04-15 16:22:00-04:00,537.66,537.67,537.61,537.67,9870.0,537.658
2025-04-15 16:24:00-04:00,537.66,537.75,537.64,537.69,21142.0,537.6754
2025-04-15 16:25:00-04:00,537.72,537.74,537.6,537.6,101240.0,537.614
2025-04-15 16:26:00-04:00,537.55,537.57,537.31,537.33,40889.0,537.4177
2025-04-15 16:27:00-04:00,537.35,537.38,537.25,537.3,11590.0,537.2985
2025-04-15 16:28:00-04:00,537.84,537.84,537.2,537.25,332660.0,538.1919
2025-04-15 16:29:00-04:00,537.2,537.26,537.1298,537.26,10194.0,537.1933
2025-04-15 16:30:00-04:00,537.22,537.36,537.22,537.25,133278.0,538.7263
2025-04-15 16:31:00-04:00,537.25,537.2799,537.25,537.2799,7866.0,537.2502
2025-04-15 16:32:00-04:00,537.21,537.25,537.21,537.25,2564.0,537.2497
2025-04-15 16:33:00-04:00,537.35,537.43,537.35,537.4,6795.0,537.3768
2025-04-15 16:34:00-04:00,537.42,537.51,537.33,537.51,12087.0,537.393
2025-04-15 16:35:00-04:00,537.49,537.54,537.41,537.53,9197.0,537.4504
2025-04-15 16:36:00-04:00,537.48,537.49,537.25,537.25,9893.0,537.4127
2025-04-15 16:37:00-04:00,537.25,537.25,537.12,537.13,6236.0,537.1723
2025-04-15 16:38:00-04:00,537.23,537.31,537.13,537.13,8409.0,537.2127
2025-04-15 16:39:00-04:00,537.11,537.11,537.0,537.04,15766.0,537.0275
2025-04-15 16:40:00-04:00,537.14,537.14,537.14,537.14,483.0,537.1345
2025-04-15 16:41:00-04:00,537.149,537.15,537.04,537.09,7113.0,537.0789
2025-04-15 16:42:00-04:00,537.09,537.32,537.09,537.3,15206.0,537.2001
2025-04-15 16:43:00-04:00,537.3,537.49,537.3,537.49,2870.0,537.4115
2025-04-15 16:44:00-04:00,537.5,537.5,537.45,537.48,7151.0,537.4816
2025-04-15 16:45:00-04:00,537.48,537.51,537.35,537.36,13346.0,537.4146
2025-04-15 16:46:00-04:00,537.36,537.5,537.34,537.5,4394.0,537.3871
2025-04-15 16:47:00-04:00,537.43,537.43,537.32,537.35,6182.0,537.3643
2025-04-15 16:48:00-04:00,537.34,537.34,537.25,537.26,6412.0,537.2829
2025-04-15 16:49:00-04:00,537.31,537.36,537.18,537.36,5171.0,537.0057
2025-04-15 16:50:00-04:00,537.3107,537.44,537.3107,537.44,1394.0,537.468
2025-04-15 16:51:00-04:00,537.36,537.45,537.36,537.38,2399.0,537.3374
2025-04-15 16:52:00-04:00,537.39,537.39,537.34,537.36,3190.0,537.1444
2025-04-15 16:53:00-04:00,537.36,537.39,537.32,537.32,3425.0,537.7064
2025-04-15 16:54:00-04:00,537.31,537.31,537.24,537.2599,4759.0,537.2177
2025-04-15 16:55:00-04:00,537.26,537.45,537.2,537.22,14000.0,537.2249
2025-04-15 16:56:00-04:00,537.3,537.45,537.3,537.45,1263.0,537.196
2025-04-15 16:57:00-04:00,537.31,537.31,537.19,537.19,7282.0,537.6964
2025-04-15 16:58:00-04:00,537.23,537.28,537.23,537.28,2578.0,537.0445
2025-04-15 16:59:00-04:00,537.29,537.45,537.24,537.4,31465.0,537.3466
2025-04-15 17:00:00-04:00,537.35,537.45,537.35,537.45,41485.0,537.447
2025-04-15 17:01:00-04:00,537.48,537.53,537.48,537.53,4309.0,537.3737
2025-04-15 17:02:00-04:00,537.53,537.61,537.53,537.6,12696.0,537.5141
2025-04-15 17:03:00-04:00,537.6,537.6,537.58,537.58,7726.0,537.6137
2025-04-15 17:04:00-04:00,537.58,537.61,537.58,537.6,8935.0,537.7057
2025-04-15 17:05:00-04:00,537.6,537.64,537.6,537.64,4093.0,537.6127
2025-04-15 17:06:00-04:00,537.7,537.74,537.7,537.74,11387.0,537.7099
2025-04-15 17:07:00-04:00,537.75,537.84,537.75,537.84,228952.0,537.6218
2025-04-15 17:08:00-04:00,537.8,537.86,537.8,537.8,2718.0,537.807
2025-04-15 17:09:00-04:00,537.85,537.9,537.85,537.9,11272.0,537.8829
2025-04-15 17:10:00-04:00,537.9,538.0,537.85,537.85,9457.0,537.9148
2025-04-15 17:11:00-04:00,537.91,538.0,537.9,538.0,7669.0,537.9795
2025-04-15 17:12:00-04:00,538.0,538.05,537.95,538.0,17535.0,537.9975
2025-04-15 17:13:00-04:00,538.03,538.1,538.03,538.1,5024.0,538.0828
2025-04-15 17:14:00-04:00,538.05,538.15,538.05,538.15,9542.0,538.1129
2025-04-15 17:15:00-04:00,538.16,538.2,537.97,538.1,23519.0,538.1361
2025-04-15 17:16:00-04:00,538.1,538.11,538.08,538.1,8350.0,538.0912
2025-04-15 17:18:00-04:00,538.0,538.0,538.0,538.0,368.0,538.0014
2025-04-15 17:19:00-04:00,538.0,538.05,537.75,538.05,15688.0,537.8955
2025-04-15 17:20:00-04:00,538.05,538.05,537.86,537.86,6982.0,537.9134
2025-04-15 17:21:00-04:00,538.04,538.05,538.03,538.03,1388.0,538.0264
2025-04-15 17:22:00-04:00,537.95,537.95,537.9,537.9,874.0,537.9306
2025-04-15 17:23:00-04:00,537.99,537.99,537.9,537.9,1078.0,537.9136
2025-04-15 17:24:00-04:00,537.86,537.91,537.86,537.9,1213.0,537.8968
2025-04-15 17:25:00-04:00,537.9,537.9,537.85,537.85,4403.0,537.8717
2025-04-15 17:26:00-04:00,537.82,537.88,537.67,537.75,3534.0,537.7924
2025-04-15 17:27:00-04:00,537.67,537.67,537.5,537.61,6341.0,537.5746
2025-04-15 17:28:00-04:00,537.61,537.61,537.55,537.55,1257.0,537.5938
2025-04-15 17:29:00-04:00,537.56,537.61,537.56,537.61,1338.0,537.6094
2025-04-15 17:30:00-04:00,537.57,537.61,537.2,537.2,2607.0,537.4166
2025-04-15 17:31:00-04:00,537.1,537.1,536.8,536.9,6770.0,536.9774
2025-04-15 17:32:00-04:00,536.9099,536.91,536.8,536.86,10994.0,536.8661
2025-04-15 17:33:00-04:00,537.16,537.16,536.76,536.8,4670.0,536.8839
2025-04-15 17:34:00-04:00,536.725,536.8,536.54,536.8,4818.0,536.6091
2025-04-15 17:35:00-04:00,536.7,536.78,536.3,536.31,16948.0,536.5807
2025-04-15 17:36:00-04:00,536.5399,536.5399,536.31,536.32,15326.0,536.3201
2025-04-15 17:37:00-04:00,536.32,536.5,536.32,536.5,1025.0,536.4424
2025-04-15 17:38:00-04:00,536.4,536.4,536.35,536.35,3029.0,536.3959
2025-04-15 17:39:00-04:00,536.43,536.43,536.04,536.43,9789.0,536.2564
2025-04-15 17:40:00-04:00,536.43,536.43,536.13,536.13,1686.0,536.2361
2025-04-15 17:41:00-04:00,536.2,536.25,536.13,536.13,5153.0,536.219
2025-04-15 17:42:00-04:00,536.13,536.21,536.13,536.14,2476.0,536.1829
2025-04-15 17:43:00-04:00,536.2,536.2,536.14,536.2,622.0,536.1755
2025-04-15 17:44:00-04:00,536.16,536.2,536.16,536.16,3869.0,536.1702
2025-04-15 17:45:00-04:00,536.19,536.2,536.09,536.194,3190.0,536.1557
2025-04-15 17:46:00-04:00,536.04,536.25,536.04,536.11,4723.0,536.1421
2025-04-15 17:47:00-04:00,536.1,536.24,536.04,536.18,3683.0,536.1527
2025-04-15 17:48:00-04:00,536.06,536.3,536.06,536.3,1854.0,536.2735
2025-04-15 17:49:00-04:00,536.32,536.32,536.15,536.15,1578.0,536.1785
2025-04-15 17:50:00-04:00,536.15,536.15,536.04,536.04,4464.0,536.05
2025-04-15 17:51:00-04:00,536.18,536.18,535.92,535.92,2997.0,536.0036
2025-04-15 17:52:00-04:00,535.92,535.93,535.5,535.59,14122.0,535.7189
2025-04-15 17:53:00-04:00,535.73,535.93,535.66,535.8,4229.0,535.7542
2025-04-15 17:54:00-04:00,535.82,536.05,535.58,535.58,4747.0,535.692
2025-04-15 17:55:00-04:00,535.52,535.59,535.51,535.51,13671.0,535.5447
2025-04-15 17:56:00-04:00,535.5,535.5,535.34,535.4899,4404.0,535.4659
2025-04-15 17:57:00-04:00,535.47,535.47,535.27,535.27,2863.0,535.3909
2025-04-15 17:58:00-04:00,535.25,535.31,535.25,535.31,3028.0,535.2502
2025-04-15 17:59:00-04:00,535.1899,535.19,535.06,535.19,3264.0,535.1272
2025-04-15 18:00:00-04:00,535.15,535.15,532.39,532.79,91694.0,533.4371
2025-04-15 18:01:00-04:00,532.94,533.42,532.92,533.0201,33318.0,533.1751
2025-04-15 18:02:00-04:00,533.02,533.3,532.93,532.95,27420.0,533.0709
2025-04-15 18:03:00-04:00,532.99,533.3,532.99,533.2,18689.0,533.1846
2025-04-15 18:04:00-04:00,533.21,533.6099,533.1504,533.5983,5605.0,533.3836
2025-04-15 18:05:00-04:00,533.53,533.7,533.28,533.7,2834.0,533.4339
2025-04-15 18:06:00-04:00,533.71,533.94,533.7,533.8,10188.0,533.8314
2025-04-15 18:07:00-04:00,533.86,534.0,533.84,533.92,6158.0,533.9245
2025-04-15 18:08:00-04:00,533.87,533.9,533.73,533.73,5915.0,533.782
2025-04-15 18:09:00-04:00,533.77,533.79,533.37,533.7092,16160.0,533.6834
2025-04-15 18:10:00-04:00,533.76,533.82,533.64,533.75,11128.0,533.7473
2025-04-15 18:11:00-04:00,533.76,533.82,533.76,533.82,883.0,533.7987
2025-04-15 18:12:00-04:00,533.74,533.76,533.6,533.6,4946.0,533.6733
2025-04-15 18:13:00-04:00,533.6,533.6,533.2,533.6,8749.0,533.481
2025-04-15 18:14:00-04:00,533.55,533.7,533.5055,533.5055,2226.0,533.6553
2025-04-15 18:15:00-04:00,533.49,533.49,533.49,533.49,714.0,533.5149
2025-04-15 18:16:00-04:00,533.481,533.6,533.1,533.27,10941.0,533.3667
2025-04-15 18:17:00-04:00,533.3104,533.5,533.3104,533.44,2611.0,533.4414
2025-04-15 18:18:00-04:00,533.42,533.7,533.41,533.7,4690.0,533.5592
2025-04-15 18:19:00-04:00,533.8,533.94,533.8,533.94,6872.0,533.8711
2025-04-15 18:20:00-04:00,533.7754,533.9,533.62,533.62,2592.0,533.7752
2025-04-15 18:21:00-04:00,533.59,533.63,533.37,533.37,3809.0,533.541
2025-04-15 18:22:00-04:00,533.44,533.7,533.43,533.661,5056.0,533.5677
2025-04-15 18:23:00-04:00,533.671,533.79,533.611,533.7,3060.0,533.7141
2025-04-15 18:24:00-04:00,533.79,533.79,533.62,533.62,2595.0,533.6526
2025-04-15 18:25:00-04:00,533.6,533.6999,533.51,533.6602,4591.0,533.6076
2025-04-15 18:26:00-04:00,533.7,533.7,533.63,533.64,3840.0,533.6904
2025-04-15 18:27:00-04:00,533.68,533.68,533.63,533.65,4517.0,533.6356
2025-04-15 18:28:00-04:00,533.63,534.34,533.63,534.22,15809.0,533.9467
2025-04-15 18:29:00-04:00,534.1,534.17,534.1,534.12,4084.0,534.138
2025-04-15 18:30:00-04:00,534.15,534.15,534.15,534.15,2372.0,534.1557
2025-04-15 18:31:00-04:00,534.15,534.17,534.1,534.1,9165.0,534.1502
2025-04-15 18:32:00-04:00,534.181,534.34,534.15,534.34,3356.0,534.2682
2025-04-15 18:33:00-04:00,534.389,534.39,534.25,534.25,4051.0,534.3361
2025-04-15 18:34:00-04:00,534.19,534.2,534.09,534.101,5673.0,534.1243
2025-04-15 18:35:00-04:00,534.16,534.17,534.1001,534.17,1605.0,534.1392
2025-04-15 18:36:00-04:00,534.09,534.09,533.85,533.88,3368.0,533.9654
2025-04-15 18:37:00-04:00,533.791,533.9,533.791,533.9,1851.0,533.8408
2025-04-15 18:38:00-04:00,533.95,533.95,533.9293,533.9293,645.0,533.9227
2025-04-15 18:39:00-04:00,533.89,533.89,533.89,533.89,310.0,533.9474
2025-04-15 18:40:00-04:00,533.89,533.92,533.82,533.92,1382.0,533.8887
2025-04-15 18:41:00-04:00,533.901,534.0,533.901,534.0,433.0,533.9608
2025-04-15 18:42:00-04:00,534.06,534.06,534.06,534.06,499.0,534.0399
2025-04-15 18:43:00-04:00,534.05,534.05,534.05,534.05,572.0,534.0495
2025-04-15 18:44:00-04:00,534.19,534.19,534.13,534.13,714.0,534.1525
2025-04-15 18:45:00-04:00,534.0,534.06,534.0,534.01,1730.0,534.009
2025-04-15 18:46:00-04:00,534.01,534.01,533.83,533.85,3843.0,533.9104
2025-04-15 18:47:00-04:00,533.84,533.84,533.84,533.84,1232.0,533.8403
2025-04-15 18:48:00-04:00,533.9,534.0,533.9,534.0,1177.0,533.9362
2025-04-15 18:49:00-04:00,534.08,534.08,534.08,534.08,142.0,534.0672
2025-04-15 18:50:00-04:00,533.94,533.97,533.84,533.86,3720.0,533.9315
2025-04-15 18:51:00-04:00,533.8599,533.8599,533.7,533.72,9425.0,533.7647
2025-04-15 18:52:00-04:00,533.75,533.75,533.61,533.61,1111.0,533.7247
2025-04-15 18:53:00-04:00,533.5519,533.561,533.51,533.55,2563.0,533.5406
2025-04-15 18:54:00-04:00,533.6,533.67,533.58,533.67,1784.0,533.6035
2025-04-15 18:55:00-04:00,533.75,533.75,533.75,533.75,521.0,533.7346
2025-04-15 18:56:00-04:00,533.75,533.8,533.75,533.78,1549.0,533.7579
2025-04-15 18:58:00-04:00,533.89,533.99,533.89,533.99,1968.0,533.9151
2025-04-15 18:59:00-04:00,533.926,533.926,533.909,533.91,1214.0,533.9093
2025-04-15 19:00:00-04:00,533.9,533.9,533.56,533.78,5728.0,533.7682
2025-04-15 19:01:00-04:00,533.85,534.04,533.85,534.04,1268.0,533.9551
2025-04-15 19:02:00-04:00,534.1,534.1,534.0,534.0101,1326.0,534.0699
2025-04-15 19:03:00-04:00,534.05,534.05,533.9401,534.0292,594.0,534.0087
2025-04-15 19:04:00-04:00,533.87,533.9,533.7514,533.7514,2071.0,533.8367
2025-04-15 19:05:00-04:00,533.75,533.8,533.68,533.7408,1443.0,533.7601
2025-04-15 19:06:00-04:00,533.74,533.9,533.73,533.73,4068.0,533.8541
2025-04-15 19:07:00-04:00,533.62,533.72,533.54,533.54,2479.0,533.605
2025-04-15 19:08:00-04:00,533.55,533.67,533.45,533.67,2945.0,533.5363
2025-04-15 19:09:00-04:00,533.55,533.59,533.48,533.59,8753.0,533.5329
2025-04-15 19:10:00-04:00,533.62,533.62,533.47,533.47,864.0,533.5582
2025-04-15 19:11:00-04:00,533.43,533.43,533.43,533.43,883.0,533.4388
2025-04-15 19:12:00-04:00,533.43,533.43,533.25,533.25,2123.0,533.3758
2025-04-15 19:13:00-04:00,533.3,533.305,533.1341,533.305,1511.0,533.2251
2025-04-15 19:14:00-04:00,533.21,533.46,533.21,533.46,2002.0,533.2889
2025-04-15 19:15:00-04:00,533.5204,533.5204,533.5204,533.5204,474.0,533.4879
2025-04-15 19:16:00-04:00,533.52,533.52,533.48,533.48,1622.0,533.5145
2025-04-15 19:18:00-04:00,533.6,533.6,533.4506,533.4506,538.0,533.5499
2025-04-15 19:19:00-04:00,533.52,533.52,533.52,533.52,774.0,533.5218
2025-04-15 19:20:00-04:00,533.52,533.52,533.52,533.52,904.0,533.4989
2025-04-15 19:21:00-04:00,533.48,533.48,533.48,533.48,156.0,533.4772
2025-04-15 19:22:00-04:00,533.3,533.31,533.29,533.3,4680.0,533.3013
2025-04-15 19:23:00-04:00,533.41,533.42,533.32,533.32,1880.0,533.3816
2025-04-15 19:24:00-04:00,533.31,533.34,533.31,533.34,2810.0,533.3295
2025-04-15 19:25:00-04:00,533.3201,533.3201,533.3,533.3,370.0,533.3098
2025-04-15 19:26:00-04:00,533.25,533.25,533.25,533.25,497.0,533.2727
2025-04-15 19:27:00-04:00,533.25,533.25,533.25,533.25,661.0,533.2549
2025-04-15 19:30:00-04:00,533.33,533.4,533.33,533.4,612.0,533.3684
2025-04-15 19:31:00-04:00,533.5799,533.5799,533.5799,533.5799,748.0,533.5217
2025-04-15 19:32:00-04:00,533.5798,533.5999,533.34,533.34,2487.0,533.4514
2025-04-15 19:33:00-04:00,533.34,533.34,533.22,533.26,1846.0,533.2619
2025-04-15 19:34:00-04:00,533.2111,533.2111,533.17,533.17,1930.0,533.1858
2025-04-15 19:35:00-04:00,533.14,533.14,532.82,532.89,6401.0,532.9921
2025-04-15 19:36:00-04:00,532.89,533.22,532.89,533.22,2554.0,533.0676
2025-04-15 19:37:00-04:00,533.19,533.24,533.16,533.21,2827.0,533.202
2025-04-15 19:38:00-04:00,533.24,533.24,533.21,533.21,472.0,533.2367
2025-04-15 19:39:00-04:00,533.24,533.2499,533.0,533.0,1471.0,533.2068
2025-04-15 19:40:00-04:00,533.09,533.25,533.09,533.17,2364.0,533.1701
2025-04-15 19:41:00-04:00,533.16,533.19,533.13,533.15,4387.0,533.1512
2025-04-15 19:42:00-04:00,533.18,533.21,533.1604,533.1604,848.0,533.1805
2025-04-15 19:43:00-04:00,533.15,533.3,533.13,533.3,2764.0,533.1963
2025-04-15 19:44:00-04:00,533.33,533.39,533.31,533.31,975.0,533.3514
2025-04-15 19:45:00-04:00,533.3,533.3,533.16,533.24,690.0,533.2387
2025-04-15 19:46:00-04:00,533.34,533.34,533.22,533.22,517.0,533.2694
2025-04-15 19:48:00-04:00,533.311,533.3596,533.311,533.3497,596.0,533.3261
2025-04-15 19:49:00-04:00,533.35,533.35,533.15,533.3499,1908.0,533.2534
2025-04-15 19:50:00-04:00,533.36,533.36,533.18,533.1805,1032.0,533.2768
2025-04-15 19:52:00-04:00,533.15,533.151,533.15,533.1501,883.0,533.1348
2025-04-15 19:53:00-04:00,533.1,533.1016,533.1,533.1016,616.0,533.1031
2025-04-15 19:54:00-04:00,533.2373,533.39,533.2373,533.27,2690.0,533.3078
2025-04-15 19:55:00-04:00,533.29,533.29,533.17,533.22,2310.0,533.219
2025-04-15 19:56:00-04:00,533.2392,533.3697,533.22,533.3491,2609.0,533.2771
2025-04-15 19:57:00-04:00,533.35,533.35,533.34,533.34,2859.0,533.346
2025-04-15 19:58:00-04:00,533.35,533.54,533.35,533.46,9348.0,533.4122
2025-04-15 19:59:00-04:00,533.56,533.62,533.56,533.58,7366.0,533.6064
